[
  {
    "value": "Vienna",
    "synonyms": [
      "Vienna",
      "Austria",
      "The Imperial City",
      "Austrian Capital",
      "Wien",
      "Vienna Christmas Markets"
    ]
  },
  {
    "value": "Lapland",
    "synonyms": [
      "Finland",
      "Arctic Circle Region",
      "Winter Wonderland",
      "Finnish Lapland",
      "Santa Claus Land",
      "Lappi",
      "Lapland"
    ]
  },
  {
    "value": "Paris",
    "synonyms": [
      "France",
      "City of Lights",
      "Eiffel Tower",
      "La Ville Lumière",
      "Paris la Belle",
      "French Capital",
      "The City of Love",
      "Paris"
    ]
  },
  {
    "value": "Prague",
    "synonyms": [
      "Charles Bridge",
      "Czech Republic",
      "Old Town",
      "Czech Capital",
      "The Heart of Europe",
      "The Golden City",
      "The City of a Hundred Spires",
      "Praha",
      "Prague"
    ]
  },
  {
    "value": "Strasboug",
    "synonyms": [
      "France",
      "Strasbourg Cathedral City",
      "Petite France",
      "Alsatian City",
      "European Capital",
      "Capital of Christmas",
      "Strasbourg"
    ]
  }
]