[
  {
    "id": "52f5e096-b57d-4aff-bb06-a69bd7b5cdab",
    "data": [
      {
        "text": "What activities i can do in ",
        "userDefined": false
      },
      {
        "text": "Prague",
        "meta": "@geo-destination",
        "alias": "geo-destination",
        "userDefined": false
      },
      {
        "text": "?",
        "userDefined": false
      }
    ],
    "isTemplate": false,
    "count": 0,
    "lang": "en",
    "updated": 0
  },
  {
    "id": "6487b4e3-3c66-413b-966a-87fb9f92362b",
    "data": [
      {
        "text": "How can i enjoy my winter vacation in ",
        "userDefined": false
      },
      {
        "text": "Lapland",
        "meta": "@geo-destination",
        "alias": "geo-destination",
        "userDefined": false
      },
      {
        "text": "?",
        "userDefined": false
      }
    ],
    "isTemplate": false,
    "count": 0,
    "lang": "en",
    "updated": 0
  },
  {
    "id": "afc306eb-96d6-4c6d-a221-f39dbdbfc8c3",
    "data": [
      {
        "text": "What\u0027s special about ",
        "userDefined": false
      },
      {
        "text": "Finland",
        "meta": "@geo-destination",
        "alias": "geo-destination",
        "userDefined": false
      },
      {
        "text": " during Christmas holidays?",
        "userDefined": false
      }
    ],
    "isTemplate": false,
    "count": 0,
    "lang": "en",
    "updated": 0
  },
  {
    "id": "d1c3b677-fe6d-47a2-adcc-37bd353f3c57",
    "data": [
      {
        "text": "Tell me about Christmas activities in ",
        "userDefined": false
      },
      {
        "text": "Paris",
        "meta": "@geo-destination",
        "alias": "geo-destination",
        "userDefined": false
      },
      {
        "text": ".",
        "userDefined": false
      }
    ],
    "isTemplate": false,
    "count": 0,
    "lang": "en",
    "updated": 0
  },
  {
    "id": "b3395be5-cc49-4116-ae58-ce39c054a3b5",
    "data": [
      {
        "text": "What can I do in ",
        "userDefined": false
      },
      {
        "text": "Vienna",
        "meta": "@geo-destination",
        "alias": "geo-destination",
        "userDefined": false
      },
      {
        "text": " during Christmas?",
        "userDefined": false
      }
    ],
    "isTemplate": false,
    "count": 0,
    "lang": "en",
    "updated": 0
  },
  {
    "id": "55d1d2a6-79c1-44b3-be36-4218faafbc91",
    "data": [
      {
        "text": "What are some festive activities in ",
        "userDefined": false
      },
      {
        "text": "Strasbourg",
        "meta": "@geo-destination",
        "alias": "geo-destination",
        "userDefined": false
      },
      {
        "text": "?",
        "userDefined": false
      }
    ],
    "isTemplate": false,
    "count": 0,
    "lang": "en",
    "updated": 0
  }
]