[
  {
    "id": "8c02bddb-dfd3-4e87-b2ef-82451a5cbe6a",
    "data": [
      {
        "text": "Can you recommend a destination for winter holidays?",
        "userDefined": false
      }
    ],
    "isTemplate": false,
    "count": 0,
    "lang": "en",
    "updated": 0
  },
  {
    "id": "dff4831b-b3e7-4adb-ab08-01d9655c5f12",
    "data": [
      {
        "text": "What\u0027s a good place to visit for Christmas?",
        "userDefined": false
      }
    ],
    "isTemplate": false,
    "count": 0,
    "lang": "en",
    "updated": 0
  },
  {
    "id": "5ec99f96-e0b6-44cf-9086-d656cba08a0a",
    "data": [
      {
        "text": "Suggest a cultural destination for the holiday season.",
        "userDefined": false
      }
    ],
    "isTemplate": false,
    "count": 0,
    "lang": "en",
    "updated": 0
  },
  {
    "id": "964cb400-47af-42ec-bd1c-97c8c301b675",
    "data": [
      {
        "text": "What are good destinations for Christmas holidays?",
        "userDefined": false
      }
    ],
    "isTemplate": false,
    "count": 0,
    "lang": "en",
    "updated": 0
  },
  {
    "id": "7d8e1c31-4b94-4940-a0cc-29942091de33",
    "data": [
      {
        "text": "Where should I go for a winter vacation?",
        "userDefined": false
      }
    ],
    "isTemplate": false,
    "count": 0,
    "lang": "en",
    "updated": 0
  },
  {
    "id": "d9438da9-9dd3-4f7f-92d3-8dc396ef5ec8",
    "data": [
      {
        "text": "I want to travel during Christmas.",
        "userDefined": false
      }
    ],
    "isTemplate": false,
    "count": 0,
    "lang": "en",
    "updated": 0
  },
  {
    "id": "d6b534f1-d568-46ec-89fb-08b07ed2385f",
    "data": [
      {
        "text": "Can you suggest festive destinations for Christmas holidays?",
        "userDefined": false
      }
    ],
    "isTemplate": false,
    "count": 0,
    "lang": "en",
    "updated": 0
  },
  {
    "id": "e3ac6062-24c7-4363-a3a2-e9298e27e622",
    "data": [
      {
        "text": "Tell me about Christmas travel destinations ?",
        "userDefined": false
      }
    ],
    "isTemplate": false,
    "count": 0,
    "lang": "en",
    "updated": 0
  }
]