[
  {
    "id": "1743d244-0f8e-4192-9c99-0be290c37a84",
    "data": [
      {
        "text": "My maximum budget is ",
        "userDefined": false
      },
      {
        "text": "1000 euros",
        "meta": "@sys.unit-currency",
        "alias": "unit-currency",
        "userDefined": false
      }
    ],
    "isTemplate": false,
    "count": 0,
    "lang": "en",
    "updated": 0
  },
  {
    "id": "7b1365dd-d260-4179-8660-d43bbaf974d8",
    "data": [
      {
        "text": "800 euros",
        "meta": "@sys.unit-currency",
        "alias": "unit-currency",
        "userDefined": false
      }
    ],
    "isTemplate": false,
    "count": 0,
    "lang": "en",
    "updated": 0
  },
  {
    "id": "1dbb8360-f67f-440e-8ba9-3c111e95c4b4",
    "data": [
      {
        "text": "I can spend about ",
        "userDefined": false
      },
      {
        "text": "500 euros",
        "meta": "@sys.unit-currency",
        "alias": "unit-currency",
        "userDefined": true
      },
      {
        "text": " to ",
        "userDefined": false
      },
      {
        "text": "900 euros",
        "meta": "@sys.unit-currency",
        "alias": "unit-currency",
        "userDefined": true
      }
    ],
    "isTemplate": false,
    "count": 0,
    "lang": "en",
    "updated": 0
  },
  {
    "id": "106f8ede-ed7f-4038-8e64-5adb6088aad6",
    "data": [
      {
        "text": "My budget is ",
        "userDefined": false
      },
      {
        "text": "700 euros",
        "meta": "@sys.unit-currency",
        "alias": "unit-currency",
        "userDefined": false
      }
    ],
    "isTemplate": false,
    "count": 0,
    "lang": "en",
    "updated": 0
  },
  {
    "id": "761838b0-2b2b-4b14-9182-b4fa946c2dbb",
    "data": [
      {
        "text": "500 euros",
        "meta": "@sys.unit-currency",
        "alias": "unit-currency",
        "userDefined": false
      }
    ],
    "isTemplate": false,
    "count": 0,
    "lang": "en",
    "updated": 0
  }
]