[
  {
    "id": "a0e9550a-13d1-4004-b175-307aa3a8c915",
    "data": [
      {
        "text": "Could you assist me with trip planning?",
        "userDefined": false
      }
    ],
    "isTemplate": false,
    "count": 0,
    "lang": "en",
    "updated": 0
  },
  {
    "id": "9126576d-08d9-41a0-aa22-4f30cfbbfb83",
    "data": [
      {
        "text": "Can you help me decide where to travel?",
        "userDefined": false
      }
    ],
    "isTemplate": false,
    "count": 0,
    "lang": "en",
    "updated": 0
  },
  {
    "id": "0dadfdb4-555b-464d-bad7-2880f618e2f4",
    "data": [
      {
        "text": "I want to visit somewhere exciting.",
        "userDefined": false
      }
    ],
    "isTemplate": false,
    "count": 0,
    "lang": "en",
    "updated": 0
  },
  {
    "id": "aa6e3ca2-63d0-4031-b3b1-e632e59831ed",
    "data": [
      {
        "text": "Can you help me to plan a trip?",
        "userDefined": false
      }
    ],
    "isTemplate": false,
    "count": 0,
    "lang": "en",
    "updated": 0
  },
  {
    "id": "89af5956-71ef-46b9-aad5-2c09c569ffe3",
    "data": [
      {
        "text": "Can you suggest a vacation?",
        "userDefined": false
      }
    ],
    "isTemplate": false,
    "count": 0,
    "lang": "en",
    "updated": 0
  },
  {
    "id": "f803dbe4-da7f-48a9-9058-76b983f2d581",
    "data": [
      {
        "text": "I want to travel somewhere.",
        "userDefined": false
      }
    ],
    "isTemplate": false,
    "count": 0,
    "lang": "en",
    "updated": 0
  }
]